"Media","Cost","Connection","ROI_Direct","ROI_InDirect"
"FBIGクリック",557595,0,12.8804805233485,0
"TrueView.クリック",2501730,0,13.0284282179383,0
"テレビGRP",17075000,1,0,0.561823279174808
"Youtubeインプレッション",3999999,1,0,1.18063046962771
"テレビGRP",17075000,2,0,1.49107156027309
